User_id,Email,Password,Username
1,kdurn0@istockphoto.com,"cM1>IT6""?",ypercy0
2,gwreford1@ifeng.com,wB2|B_=GZI,lcoxhell1
3,hcorradengo2@nbcnews.com,uL5_pECP2=L,bmattusov2
4,hgavin3@amazon.co.jp,"qL8,xvK#@,G5X",fgrinnov3
5,sdesbrow4@columbia.edu,yF2$GTX=L3/Y|,rbowring4
6,cselwood5@eepurl.com,qJ0&rRE8CO$.p,gtitford5
7,fcaro6@oakley.com,pZ7_EN.EET3a)4,jtuffield6
8,cgoolding7@biglobe.ne.jp,bE5)sj`wjW)ps@A+,bkobelt7
9,fbresson8@fotki.com,tR5>T{&#Kzg81~6C,fwrenn8
10,acoudray9@hexun.com,aK1(rqWCicA,adodell9
11,npeetersa@bing.com,jR6||S1r1/b,afaithorna
12,tbraddb@altervista.org,dH9>lA\xr+<JhTjD,rswedeb
13,adomerquec@woothemes.com,vJ0@Dy(cB`?Ax.(,fsouchc
14,hhowatd@smh.com.au,"iB4,RYb6yqmqq",aniemiecd
15,sschoolfielde@businesswire.com,"wY1=J%9(@),#",gburtwhistlee
16,dthredderf@yolasite.com,cO4+Z|y$VL~V,apinchf
17,afreschinig@wordpress.org,"vD9""CsUXx<",mhubnerg
18,ddeabillh@seesaa.net,qI1%$<?4h%D>,ibohikeh
19,shaycrofti@wikipedia.org,wJ6/4c!rP,atrightoni
20,eawcockj@ask.com,kA2%ZNx$L?Nkw,esidlej
21,bsailsk@ucoz.ru,"pA8%IDnj!""&Zl,",tleiversk
22,mbrislanl@msu.edu,dP6&\(TOCw(lBN,sdulyl
23,jlongom@prnewswire.com,"yX8`&/_B,U5",aeisakm
24,sgutmann@issuu.com,qH2=vJDHt4)cO\Eh,btethacotn
25,sbeaumonto@shop-pro.jp,"mO6|HlTRZhS,7",mmoggleo
26,pparnabyp@fda.gov,zY6|mXf2Xs1,cbearmanp
27,scoffeltq@csmonitor.com,sL3`>#t\,dtupieq
28,dearlyr@alexa.com,"gV5@Mou,",bchazerandr
29,pridolfos@shutterfly.com,jV2.|1zb,gfarrers
30,gbiggint@smugmug.com,kZ7&sA1fTH3{,nashallt
31,mclewleyu@woothemes.com,jJ0@?0PLdhjv9q@,amckellochu
32,wjursv@geocities.jp,xW0*h}5A@Aou,csetteringtonv
33,eculchethw@state.gov,kY0|*qylg,keyeingtonw
34,vstilgoex@paginegialle.it,jA5`'Wb#=Efxd?C,rraspisonx
35,chalwardy@issuu.com,zV1|LYlq1+,agradyy
36,jcollinz@usda.gov,"jE3\ZWo,8`g)",wbeneixz
37,rparren10@earthlink.net,"oS3.,lX'm|1%",gbustard10
38,ljellicorse11@uiuc.edu,cH4'+XBh_,cagglio11
39,lpioli12@amazonaws.com,"dS1""~~fw9|6""vJ",etripett12
40,rschimon13@skype.com,"hK2""NhTi",aeste13
41,dellyatt14@blinklist.com,wI5{?Mtb,esmeall14
42,mkuhnhardt15@wordpress.com,zM9?fI`Ip3,zcannavan15
43,gspringford16@mozilla.com,"gU5#<,HbM/p6!`6q",ehoppner16
44,bbetjeman17@1und1.de,"zF4,x7HGcY4F/DU",aprichard17
45,ivedenyapin18@altervista.org,zF7*<vf@\zHU,jbruty18
46,wedlyne19@nba.com,lC7`JDandp<7oX,nsterland19
47,mrubinovici1a@jiathis.com,tG9|ucR\{be,opaula1a
48,mmalling1b@weebly.com,yS1\i_*&R,ebramhall1b
49,kstile1c@ucla.edu,lS7=/qe&Voy,fdyton1c
50,uhumber1d@google.fr,"iO2'jwV5QW,,+",nmacgeaney1d
51,dstephenson1e@devhub.com,pT5}?fbztAy<H>,scorington1e
52,hmcmearty1f@wikipedia.org,oE8<Et/TA,spatriskson1f
53,apaulino1g@chron.com,tS1#MH<lotU,sedelmann1g
54,mmaccartair1h@amazon.co.jp,vN0|d~2/,laikenhead1h
55,aclimie1i@berkeley.edu,cL6'89\S2,bgatchell1i
56,mmckinley1j@goodreads.com,uE6%W1X6R>J,amainland1j
57,norr1k@linkedin.com,"bC3*,wLan",phowship1k
58,xcrowd1l@hexun.com,cA6&2FX\,bricciardi1l
59,wlacasa1m@gmpg.org,"xT7`EQDk#Hs~,hF",mdecarlo1m
60,jmannie1n@ucoz.ru,nH9.2ipEH,osanger1n
61,frichardt1o@jimdo.com,oT9_bEI>D&,fjessope1o
62,gsuddell1p@blogs.com,aH6*a)NSSv)H{Xw,vlavrinov1p
63,jmccorrie1q@networkadvertising.org,rE7(VHrxFB),rthorington1q
64,rbridywater1r@ning.com,oX0'(sSZCW!h,giiannone1r
65,sheinert1s@baidu.com,oI9@}Yfo,mcuppitt1s
66,keddisforth1t@livejournal.com,iQ1_pnuNs+pk,nszymon1t
67,dwabb1u@domainmarket.com,fC4~G{eQGd?u0,lhonnicott1u
68,pdran1v@blogs.com,cA8_e0.RU,cmaybery1v
69,jlokier1w@tmall.com,pH0!WqGc3.yt*_W,rgibbs1w
70,vbygrave1x@ucsd.edu,nU6~6|PBVL+`,bdimic1x
71,hjunkinson1y@unc.edu,jS2*P~18,mudy1y
72,ucarverhill1z@epa.gov,"eL5\gGAppD,.dN",lsalleir1z
73,achown20@deliciousdays.com,dQ6/h04\w,mmanus20
74,ntoler21@spotify.com,lJ2=WO|lQ&QW,wbeurich21
75,acrosi22@mediafire.com,nK6(QASZ,ytulk22
76,ciacobo23@bandcamp.com,mV8\tEgC'&BS,rgashion23
77,tmulberry24@bluehost.com,mK2'SOCQFmF8KK,gfidian24
78,sfrizzell25@gmpg.org,lR4/F$c},scordeiro25
79,cmoss26@is.gd,"gC6\<S""ejgT4",ppetrie26
80,dsunner27@fema.gov,"vT2|v,jd7(d",askelding27
81,mhubner28@scribd.com,"xP8(,nA?yEFyb",btanzig28
82,eodoherty29@topsy.com,xT0%p@c9o,binman29
83,pfearnyough2a@wikia.com,cW3<mC%/,hcaville2a
84,gdonett2b@huffingtonpost.com,"uL8,63eaU@#Vbj9",usaenz2b
85,rperez2c@archive.org,"hW0!b,t@W~XM@",sstraffon2c
86,etremoulet2d@live.com,fS5*.S+w,lpillinger2d
87,lomannion2e@marketwatch.com,nZ6_VFrU0qSoZx61,skittow2e
88,aivashov2f@google.pl,"yL2""R)%s#'",lcourvert2f
89,bruter2g@amazon.co.jp,hS1_T|RCh,esellors2g
90,voconnolly2h@shutterfly.com,jE3/dQ}#5tgvT,cdiggons2h
91,stallman2i@trellian.com,"lY4&M\B,3Ouy",ameo2i
92,cjonk2j@narod.ru,"vN5""lAmmmpj",lgrishukhin2j
93,zcamblin2k@e-recht24.de,"fD3>k9""+9L,%",bbrownbill2k
94,jafield2l@fastcompany.com,jN7{*nrv,jcozens2l
95,gsebborn2m@last.fm,oZ5<Wn(X,uzanelli2m
96,ffackrell2n@eepurl.com,iN8@K#TPe$eNF$,againsford2n
97,bshimon2o@deviantart.com,lE9_Z+)BQBw,gdo2o
98,goldacre2p@123-reg.co.uk,gX1#NH?p4ziY,mbaskwell2p
99,lnorbury2q@sitemeter.com,tQ4!b)It,mmcravey2q
100,mclarke2r@phoca.cz,qZ4`mSlM,lhoolaghan2r
101,sduggon2s@deviantart.com,cG9_oWE++7{yWPb&,pwhapple2s
102,lflori2t@nature.com,oM1$3$W#ptc,cfolkes2t
103,dbootland2u@bluehost.com,"aX7&A=g""p",scouthard2u
104,mgask2v@booking.com,"sJ5<1R,?%0F/",hblasio2v
105,tkays2w@discuz.net,rM3<>)WL~CJ2G$s,mdeevey2w
106,cbalden2x@ucsd.edu,gM0'pxCaY0,kglascott2x
107,squarless2y@facebook.com,fV1+)&KOH,hgarfitt2y
108,hbalmforth2z@harvard.edu,nQ5%7S#7|,fdawid2z
109,hlockhead30@sina.com.cn,jT6+jHDFf/siM,vcromack30
110,ecorkhill31@networksolutions.com,xK3)7@HskeK,chamman31
111,cedwins32@themeforest.net,xD1=kQ7m}LO5lxpk,nnaire32
112,apetrusch33@netvibes.com,aS6/4Du\`nR6@jL,fbellin33
113,sblackbourn34@163.com,gK8$ysXd0~sIg<,ghue34
114,hosbiston35@bbc.co.uk,kZ3}8`\+x>mZ,kcovolini35
115,pschruyers36@addtoany.com,yV6!OjtPBkwHb|Gc,icrommett36
116,dkarle37@fda.gov,aF4=Iwq4~2clr,kcorzon37
117,dflegg38@blog.com,hM5'Sdrbd,eswancott38
118,nmaffia39@deliciousdays.com,oJ0)'dH(,dsackes39
119,wiglesias3a@dell.com,"gR9?M\y3Uh,_",ecoad3a
120,gryott3b@slate.com,tE0}G/DE,apenwright3b
121,hskade3c@timesonline.co.uk,tX0.RWM*i\l=&s8T,gkearsley3c
122,gcasone3d@constantcontact.com,cJ8$Lw'Yn=U,nsneller3d
123,cgorwood3e@twitter.com,"oZ2)9?""j",tsanchiz3e
124,wkristoffersen3f@networkadvertising.org,"tH3@n5`6\o""",afacchini3f
125,criden3g@barnesandnoble.com,lC7<QXhBL,bdunphie3g
126,gwreight3h@github.com,iT3=30`i}%,lnewcomb3h
127,sbendell3i@washingtonpost.com,sD2>'D@a6u(',zburnie3i
128,bscheu3j@msu.edu,bC5\FCVi6!,ebroad3j
129,bivanovic3k@printfriendly.com,hA4*|H'dw!,gjovic3k
130,wmoizer3l@123-reg.co.uk,mL7*6M?CmU1J2E,mcurrey3l
131,jscarth3m@trellian.com,gO9>O4CXPx8Y=e't,llanceter3m
132,cwhithorn3n@etsy.com,nE7<znRc/<}d,hgobourn3n
133,jkofax3o@booking.com,rL1=VWo|0bSb),nmillimoe3o
134,smackriell3p@chronoengine.com,lD3.NJDyzNsl,nyesinov3p
135,sbodechon3q@ning.com,iY0|RJfr0o3'k\t,ccarbine3q
136,cbielefeld3r@mysql.com,vH8|Sa(RX,cmustin3r
137,laliberti3s@irs.gov,vQ7$FVq54(edO%w,dsandyford3s
138,wrodolphe3t@webmd.com,mZ6>E7qU,kfrench3t
139,efairbrass3u@deviantart.com,eJ8@Ck5=&,bfishbie3u
140,lbotterman3v@de.vu,"zT1{*,UrBT)L+j",swilley3v
141,cruslin3w@msu.edu,"hG8(AWCJ/,Z!4",amundy3w
142,povanesian3x@yale.edu,nK9=KUIOEPQE,cgerdts3x
143,qradloff3y@howstuffworks.com,eN7+*=9p#pA!v~>9,tliley3y
144,bbickley3z@sina.com.cn,rO4)+kAlv,pfoxten3z
145,awiddocks40@barnesandnoble.com,iI9>?\`_G<bC<,viacovelli40
146,bphythien41@omniture.com,"oQ7(,tszm""9dH%D3",mgodby41
147,alovemore42@is.gd,oA9\bA\L6S@j\,gfreke42
148,lbancroft43@ycombinator.com,nU0.fDXEn@tWp,mwalshaw43
149,kzanicchi44@wsj.com,bU8*2gJ9zi=4<_h,btucknott44
150,dharcase45@springer.com,qZ0'kTa.thN,klessmare45
151,lbexley46@telegraph.co.uk,"yA2_V4J.""N$?$V",mwitchalls46
152,vdeath47@usda.gov,pR8#?i(pi,rtelling47
153,iprugel48@statcounter.com,pM6+1H#{N,lwhistance48
154,kbickle49@studiopress.com,kP3{t)ik)0001|c,tsheehy49
155,hmayfield4a@netvibes.com,nS9>}jCTlfqafw,vdunseath4a
156,bgoodship4b@jimdo.com,cI9}3o.),wskey4b
157,jhallede4c@dell.com,"cN9@)MjsPpmr""",fklosterman4c
158,bspurr4d@stanford.edu,xP5~i4lS*F=J1*7,smenary4d
159,nsoule4e@feedburner.com,jC8.rhT%3,sfoulks4e
160,atrathen4f@ow.ly,"eT7.j,ES'",pdraco4f
161,efrear4g@printfriendly.com,rH7$t44ICLML,ayork4g
162,sannwyl4h@redcross.org,sS9%xr`B/HM/SF,akenwood4h
163,narnaudin4i@feedburner.com,hL9\I@M$>NlL,tshildrake4i
164,ciannuzzelli4j@cloudflare.com,"jN5)Zs,pX~(W_c",cevert4j
165,rmccreery4k@dyndns.org,sN6$<lgD`a,sgodfree4k
166,kyukhnev4l@dmoz.org,cF9>2wTgt}7(nP5,cambrose4l
167,cstocken4m@prweb.com,nS7*eqV_o02%,afawkes4m
168,hgilfillan4n@reuters.com,sP2_uA@u5H,rcolbourn4n
169,mdemeyer4o@barnesandnoble.com,bI9?8oCu'w$DT`V7,gpettwood4o
170,mleall4p@storify.com,"vQ9""heTk%`\4t@$B",jimpey4p
171,tsnasel4q@mail.ru,xK5~N'9TTMNg*h,cscoggins4q
172,mfranzolini4r@psu.edu,uU0?sAiJNL(Zn,lcagan4r
173,cprocter4s@wired.com,yV7`X<LbR&nlD,rdumphrey4s
174,rdorber4t@businessinsider.com,tT3=$>HEzu*,lkunat4t
175,dcrichten4u@imageshack.us,"qR5$>""A?Zf$rlq",dsandercock4u
176,ebarltrop4v@ezinearticles.com,lK1/$nT!,bharriott4v
177,ominshall4w@squarespace.com,pG4&KXGAcHY,nbrachell4w
178,hvictory4x@artisteer.com,jC5.I=1qsO$.,elingley4x
179,scelier4y@xing.com,jL6/@R\p?'SZu,vshoemark4y
180,lmingardo4z@prnewswire.com,zW2_\\39L!({p0vE,afurse4z
181,jridolfo50@dell.com,"jT0{v""X""y<>3r",mbarnbrook50
182,llavens51@about.me,"zZ1@o#}R""ml=+",gfitchen51
183,bruscoe52@pbs.org,gP0%))w1%Dj'V,kpaternoster52
184,nwillard53@bbb.org,xC2`qe7/WpU01qWm,bdrinnan53
185,astyle54@about.me,gC0#fX1n,cmuscott54
186,fbendle55@photobucket.com,"tY3,UO7y'ZHaV{wv",cgarstang55
187,hhunter56@facebook.com,lJ2\bL_Y`vrP*YN*,jplessing56
188,tmantripp57@jalbum.net,xU8+3.Rl7N=%(K,dblais57
189,ebuntine58@ifeng.com,sO5<2xkPJfY,cobyrne58
190,flillywhite59@netvibes.com,zR4/d*v2G1Nh',chousley59
191,kmazella5a@rakuten.co.jp,wT2~<Y`E,msheron5a
192,mgavrielli5b@imgur.com,iM2@+Ep+,aambrosetti5b
193,hguiel5c@theguardian.com,"qK1""hhg2C,8$Vz9z",fmclennan5c
194,plesarr5d@cocolog-nifty.com,lY9|=+nK(Iegou,abidder5d
195,frabat5e@wsj.com,zS8'Mg5kZF{nwK5,jbalmadier5e
196,jnewlove5f@cocolog-nifty.com,iW2./>Sv*SwtM,cswires5f
197,nrack5g@amazon.com,yE9.CXTxpeHzn,ctownsend5g
198,edottrell5h@aol.com,vH5~lUtf}@vB#,lsamuels5h
199,fescreet5i@meetup.com,"kK3""#yiCY/?6lmPB",cmartell5i
200,lfelstead5j@wikimedia.org,kS7%6S{C}O3i1,sdunphy5j
201,kmacgruer5k@exblog.jp,oL6{u6u)\BF,rdummer5k
202,cwrigley5l@spotify.com,uG4@T#_$9d,gpalleske5l
203,rverecker5m@google.pl,lL1/Mcc\~\_b,areedshaw5m
204,jsavaage5n@geocities.jp,lA9_T6I'J()GR)aK,gkenyam5n
205,mcleef5o@whitehouse.gov,mS0$XQu)N,lguterson5o
206,sshepherd5p@sourceforge.net,"fN5.hZ(|\*,8q6",ccassar5p
207,cspaule5q@hud.gov,kM0@64UIeq,psproule5q
208,cmacchaell5r@zdnet.com,wP1}&%~c2**RJ{1,lbenoiton5r
209,sgoose5s@csmonitor.com,oD9@c{Kjq*1dh1,rberringer5s
210,gposthill5t@dropbox.com,qH5.Abg4O@z,cclapshaw5t
211,jmorpeth5u@godaddy.com,"dW2``},tJBg",ccoppard5u
212,ssaurin5v@imgur.com,iB3)..$A<.2*,syarrington5v
213,mlindup5w@ocn.ne.jp,"cJ9}0Vm2rP""8q5R",jhockey5w
214,jtigner5x@vk.com,aT6=n$~2Iv}_,tcalwell5x
215,jgoves5y@cnet.com,"mB7+,5YD9SeF%",lkarys5y
216,adavidof5z@dagondesign.com,hZ4&xVaHX$t.9Z6+,ccarley5z
217,rcolbridge60@buzzfeed.com,yP8(1l0468Q,preubel60
218,ssebert61@yahoo.co.jp,iL5?uv|E/0e5UH4L,sshone61
219,cgauvain62@ca.gov,nE5@7r+74lR1XI,fchessel62
220,gkelle63@github.io,uD8|P8HgX4R=c,dcottey63
221,ogadaud64@google.cn,"mP6=uWGD""P<59O2",iproswell64
222,lfearnill65@hp.com,aX1_t94AOrNiLTW,plowell65
223,bclemetts66@wix.com,"mS1""9GkQUr#KH+<a",bvirgoe66
224,alishmund67@vimeo.com,mQ3%Q'tVJY'=,mtitt67
225,lmcdugal68@elegantthemes.com,mJ1#{hyIB{ca,mkenforth68
226,nlogie69@kickstarter.com,yB4$S6+>5och{,lcuttle69
227,bdunkerly6a@patch.com,"qT7,3kOyY*8Gj7",cghio6a
228,clennox6b@themeforest.net,dY8+J_w}>Y(6v?,ecrangle6b
229,mkramer6c@blinklist.com,"kP1,M0Em_O",dwyldes6c
230,mtukesby6d@biblegateway.com,nJ3$(}t8,bjahner6d
231,glukins6e@github.com,eF5)t}>aSHk,dbertwistle6e
232,cbriggdale6f@com.com,sZ2)XXj$pzX6iX9e,mveltman6f
233,vcartwright6g@domainmarket.com,mQ4%@jT6,awyne6g
234,hbrandel6h@aol.com,zC5)KBV6<nfd,dsivills6h
235,aarmytage6i@bing.com,"rM4},%UEuh.",ostevani6i
236,moverstreet6j@webs.com,lZ9_WfSQ5=W,cwellbank6j
237,cdownage6k@slashdot.org,"aK4(NF""H'ks",swoodings6k
238,jhebner6l@linkedin.com,kX7.q/o'j,hdownage6l
239,atorbet6m@mapy.cz,"xJ8""j\'Mj_~",fmcneillie6m
240,vgude6n@smh.com.au,mT7?!dkz)RC,akoppen6n
241,rdanzig6o@dion.ne.jp,xA0`kzUjdrx,ltschiersch6o
242,draithmill6p@imgur.com,"nS7""+/Pd%Et}F",pdahl6p
243,swinson6q@pagesperso-orange.fr,pV1\_1iN,rpooley6q
244,apaschek6r@addtoany.com,xW4{>j$B6cnrW,cconachie6r
245,mdoughty6s@xrea.com,pB9.&3M{7%6_#hr,dmonget6s
246,cbarkhouse6t@drupal.org,dD3'GZL.ol#,vjuliano6t
247,bpattie6u@usatoday.com,zX3/(Im(~,flyal6u
248,wpirt6v@artisteer.com,nZ8%2MeEm&}y5,astaniford6v
249,gewan6w@myspace.com,kR0.'bB|(!vbA,lturpie6w
250,bchestnutt6x@zimbio.com,"gQ8$Rv.h2S!JIl""",gkempston6x
251,ghaworth6y@geocities.jp,hK8_qSZzxCOa,dhearse6y
252,lfarndell6z@usatoday.com,"eB3""Qw@X!<c",rraywood6z
253,ccoste70@virginia.edu,dZ7/VW+F,mmathely70
254,yphebee71@cbslocal.com,vE0/!UN(??PhD,ddouch71
255,jarnao72@prnewswire.com,dB4$S_upliO,cfarmery72
256,mbeste73@shutterfly.com,tI9~P_TJot,ggabriely73
257,cmee74@accuweather.com,dY9.40`yV,ajordanson74
258,fpouck75@reuters.com,hT6<xEqj{!7,kmair75
259,adomoney76@ehow.com,yP2$q|8_265AI`,sduff76
260,kkeeffe77@sun.com,eS7/'9`?@uc,jdennington77
261,dvigars78@weather.com,lH1(&TYq~eZ,dandrez78
262,abedle79@cam.ac.uk,mK5~b`lZ,dlehuquet79
263,zsheers7a@fda.gov,rW7$(|if},hkevern7a
264,osignori7b@blogs.com,hZ3&(.}HIq,bradclyffe7b
265,gaitkenhead7c@delicious.com,"gC7""'hkD",nwarham7c
266,cboutcher7d@boston.com,bW9%QcKw,ggarratty7d
267,rsenett7e@domainmarket.com,nO0@x6?HmiVZ,ktaysbil7e
268,amcilwrick7f@ox.ac.uk,"xB6'X8bz3WP,{4",sbannon7f
269,gjohantges7g@meetup.com,cG9+XG2L1f,gfrancello7g
270,tjewel7h@ocn.ne.jp,"aW5|`2I,G?",gfeare7h
271,rburnip7i@huffingtonpost.com,cB8!(f.7$TL,kwinteringham7i
272,sluddy7j@opera.com,qO5=PE'p~j$,bcleugher7j
273,zrozenbaum7k@wired.com,eA3$WodWmx,spifford7k
274,rellis7l@vkontakte.ru,fA8<bVvKk*`=r{x,etodari7l
275,ksorsby7m@house.gov,dA8$rqMT,dbraime7m
276,tgeertje7n@twitter.com,lF4}4bI5M6VCwTy$,pmcwhin7n
277,kgrint7o@paginegialle.it,lK5=.8a.,achape7o
278,ptennock7p@bbb.org,"xI6#8oY,E&oJHNc",imuffett7p
279,pmayer7q@slate.com,"hW5|E5=a,e",bjann7q
280,kkees7r@amazon.com,hN5>uP{i~Tid?,lcoules7r
281,mlacaze7s@bloglovin.com,cL8+8/HzUMZ,kdighton7s
282,mawdry7t@cmu.edu,wR9~8z$QZB,slaviste7t
283,lmoakes7u@zdnet.com,wV9`qRZGs,pmatula7u
284,akubek7v@mit.edu,cQ2~$m)mfp,kmennell7v
285,ngreenset7w@mtv.com,dD4`$|?BwcTxt,wtomasello7w
286,jstoggell7x@go.com,"kS8>8s}{Na,@>`NW",friedel7x
287,syurchenko7y@fastcompany.com,vI0'!T\*ni!4kkq*,thindge7y
288,ddanet7z@g.co,hN0#c#ewg!_w2g,noleszcuk7z
289,cstocken80@addthis.com,"yN9""#wV6''#",vmcmorland80
290,igarnall81@opera.com,iY6/MHn|FKm?,rgostridge81
291,mfissenden82@nifty.com,"lK7}_mI,Yt!U*g",rbewshire82
292,fbensusan83@jugem.jp,vX6'j9@=s,bbickle83
293,fryall84@about.me,"vI4"")~!O@fR/{~Z",randell84
294,mdilnot85@china.com.cn,yI6<{Bw2uz,jpigott85
295,tbedborough86@tinypic.com,"yL5_af(=l.Y3,",mmacmaster86
296,cfalconertaylor87@independent.co.uk,nB0\M\y/'Su,hmcculloch87
297,qsibbering88@google.pl,"yK7#h=GW<|l7,.%",dkinningley88
298,ahanner89@behance.net,wC1'n+q3.!hvu{n,jroskrug89
299,dspears8a@bloomberg.com,xH5+zUK#ufOL,dpattenden8a
300,mmanger8b@sun.com,iB5)CXU+,bgaveltone8b
301,aceaser8c@flavors.me,bO4)!tbLlMNz\E,bximenez8c
302,bscoggan8d@edublogs.org,oG9&3}_rH&.J,gtrulock8d
303,pheadey8e@flavors.me,"kN2\soqSBR'""2Ic",ocastellani8e
304,ktimmis8f@cbslocal.com,yN2)t21fyT,ubene8f
305,cnoades8g@indiegogo.com,qO6%VTOQ,arydings8g
306,gculleton8h@cnbc.com,oQ9<=hmWGJ.,cioan8h
307,fsextie8i@aol.com,bN0<2@7mr{\M/z`!,bpooke8i
308,jmcdell8j@vkontakte.ru,dN0'rb/q*Rh,sdils8j
309,sricardo8k@cloudflare.com,lU8_urX*daT$.=xg,wmougeot8k
310,mhamshar8l@scribd.com,"wX7`bB'5=AUN|""3",bmeharry8l
311,vroxby8m@google.cn,zC3\&Lev,lpannett8m
312,blapenna8n@paginegialle.it,jB9}!%?S0S6T},mlippiello8n
313,falgar8o@free.fr,"eD4*Svfk02B""",gmacalester8o
314,dnorris8p@squidoo.com,mR4.Rmqt,dstpierre8p
315,dvassman8q@princeton.edu,wE1'\jiPm_({6fC,schaves8q
316,nedlyn8r@ehow.com,rF9)c3?NX,flardeur8r
317,ihorrigan8s@free.fr,rZ2}.3?EK=.IZjT,iworster8s
318,rpiscotti8t@techcrunch.com,wM1'5>.wf.%Zw{A,bglover8t
319,dhigbin8u@skyrock.com,"lV5''/""5GmeT(pf",cwhipple8u
320,mcruikshank8v@amazon.co.jp,lQ4+Py4/I\,lroj8v
321,kesterbrook8w@oracle.com,sL7@'Jd)`MJ,cfink8w
322,slayson8x@indiatimes.com,rZ7<?q`>S(V,jlaurencot8x
323,mblunn8y@independent.co.uk,dJ3|29'yhmZJ=ArZ,wfairfoul8y
324,oflawn8z@tinyurl.com,yA7(/gI86JC|,kreside8z
325,krestall90@statcounter.com,iF4&L>4hhyr>}I{,wlevings90
326,kdowson91@bravesites.com,"oA2}',0)ui}adjv",cmecchi91
327,afarnon92@yolasite.com,pD5._/632aD,evalentinuzzi92
328,mcossey93@a8.net,gB9{&y#A9{4d,moheneghan93
329,golagen94@japanpost.jp,"hN3/\&&\""zo!",anavan94
330,jyakovitch95@shutterfly.com,"pE6,4JQx5G}EY*t",hloblie95
331,dgooms96@addthis.com,mN8$Hu29ZHi.C2}Y,cdewolfe96
332,csenogles97@sohu.com,kZ4+F!wXMF,jlardez97
333,poswal98@soup.io,xH9{9*eai,bredish98
334,kbrazel99@gizmodo.com,dM8!ZVD3'Tg!7ql,oblaxall99
335,dnorcop9a@wired.com,"mV6@r$,R9R{RF|i",hheinicke9a
336,fdonovan9b@cnbc.com,"eE7@~4i""WY'2""8",bcreasy9b
337,qhurler9c@dagondesign.com,qJ2|ZPYjr30Ym,cgennings9c
338,mrait9d@prnewswire.com,oW8_Xj&B3}x,wruffler9d
339,khargey9e@comsenz.com,yM8_zzx0,jleport9e
340,cravenshear9f@alexa.com,gG2!d.nvTP,dcisec9f
341,gbartusek9g@networkadvertising.org,wF1?nZmd8uly+,psydney9g
342,esimounet9h@networksolutions.com,"sU1%ncOKK$jw*""UM",ariveles9h
343,tlerwell9i@nifty.com,"kF7{*$~""<=e",ybax9i
344,jsiely9j@bbb.org,hT8'gW2iy,ecroxley9j
345,kbuzzing9k@dot.gov,"bS0%'mbqZjo""",lcopestake9k
346,acoatsworth9l@virginia.edu,"wW2|1TH""<IzaF=&",cskahill9l
347,ttothacot9m@blinklist.com,"qK5)I6d""&",jchaffen9m
348,thartfleet9n@ehow.com,aZ0*\DlOuS1$Bz,lwinn9n
349,maird9o@hubpages.com,lW2|?!>yf}.dc,lpetow9o
350,lspendlove9p@tiny.cc,"xW1~9ZhEd,Dn",tmaddicks9p
351,dqualtrough9q@yandex.ru,kU3'te{A,vpaulton9q
352,broderigo9r@dion.ne.jp,mM7|+j/&+02sJ2,aweldrake9r
353,mduprey9s@reverbnation.com,uS3@`f{gO`,abirdseye9s
354,lmilsom9t@typepad.com,"zD6,sVHQH",cbraiden9t
355,btatters9u@php.net,"lL9|`z2S9?#y&G,k",ckettow9u
356,afarthin9v@admin.ch,yS9'_Qd},lbrazenor9v
357,jraun9w@ning.com,gB1@sgcMpO,psulland9w
358,dkiehne9x@sitemeter.com,"xS2.>i,@b*+I)*W",bsatterfitt9x
359,ypatriskson9y@usa.gov,qE5'L%hI\VH28,jmazzia9y
360,cmeas9z@prnewswire.com,"fU1'5kE3D""1pc`",blemmer9z
361,eslewcocka0@ucsd.edu,uN3{U)U79n{,emeliaa0
362,vcallfa1@gizmodo.com,zG3#rK0C.uxgX,dpiburna1
363,llebanda2@blogger.com,iF0(Ju>FFGEveUF,geverya2
364,tcoldbreatha3@wikispaces.com,bN3>'ina,cbristowea3
365,kbenningera4@reference.com,uQ2__m!H!,leverexa4
366,uharnera5@flavors.me,"fD3""L9sckh",rgribbena5
367,grhymera6@ihg.com,"hG3*&!""P?yi}d*,",kgeorgesona6
368,pbentjea7@goo.ne.jp,zE1'}8>d>,ssnawdena7
369,crosia8@friendfeed.com,"cI5(/""cLAZ.",qdanslowa8
370,fwillocka9@google.cn,cX6}ib?nLZCZw,nkeaseya9
371,asaizaa@networkadvertising.org,"oR2>gp""%WaEb%6j",clambkinaa
372,mnewhouseab@alexa.com,"cV8&""MMFutunN~",wveaseyab
373,dbentinckac@bravesites.com,nR7*x8RC,agiacobbinijacobac
374,dmounterad@dagondesign.com,eX3>IdXKR_m(TST>,apanichelliad
375,lmenelawsae@addtoany.com,tW2#ei<d14|Qkt@,jnervalae
376,lstoileaf@rediff.com,bL9(Yl%k2h,kbourhillaf
377,pdaffernag@flickr.com,"qK1,mQD,I2g1?C#",ndysterag
378,gditchah@nifty.com,kB7)&c<Dty'x,jmicheauah
379,rgasgarthai@sitemeter.com,"eF3\+I2,",rmundleai
380,ggrimsdithaj@yandex.ru,dB9/K8.')QkG,atathacottaj
381,eviegasak@paginegialle.it,"jS3""@+R+""/$=Ei""e",nchadwyckak
382,mwaterdrinkeral@illinois.edu,aP5~h~`IHYbJh5,jstodeal
383,lchittyam@wired.com,sK7_Tb)=l2k\WF,rbletcheram
384,dboasean@comcast.net,sU6_%|t?y+0,jrigbyan
385,hmacconnechieao@is.gd,pG9?zmCmNcOQ4FTp,kkiddeyao
386,cpigneap@diigo.com,"mP8<7,,A`+nnHI",msayceap
387,isneydaq@drupal.org,pI6*okc}.'WK\UH,hmcqueenaq
388,wbeardonar@oaic.gov.au,bD1+4OhWpROF,bockendonar
389,sgolledgeas@bigcartel.com,jT7'q%aogk4H,shardsas
390,vbunnerat@xrea.com,"eP6>|BZG5(O=,",kwillimotat
391,pcornhillau@deliciousdays.com,mC1&MLH.,bbrandassiau
392,mskeatesav@multiply.com,oI9{hYgQ@Z.N?,mmaltbyav
393,abuckhamaw@mapy.cz,mC7.'~66ufS,cbouldeaw
394,jmcilraithax@apple.com,fE6'&Fkril48o\,mlearnedax
395,blipscombay@lulu.com,yB9@kI3sI$&S`_z/,sharewooday
396,hwellmanaz@go.com,"yV6}/a,EQ@}s>Xg",cmacmarcuisaz
397,mpereb0@hugedomains.com,"rW7""*s3E@,",ddessentb0
398,lendrighib1@intel.com,oR1+}p9A,rcastanb1
399,fweedallb2@mail.ru,oL4+>M>sP7PJ,slivelyb2
400,jpetracekb3@cbslocal.com,qJ3'|43.2B,ethundermanb3
401,cmaskillb4@princeton.edu,"aR2\U5pI""TaV",mbuzinb4
402,ncopinb5@google.cn,yR0?c3K?mXO~20,jdunridgeb5
403,bmastersb6@java.com,bV9)p<$zgq)Pf,dguillonb6
404,grippenb7@uol.com.br,lG6}s1+6,bpavlasekb7
405,stimbyb8@huffingtonpost.com,eI8(U#&@iuG$,araperb8
406,rcourteneyb9@google.es,"aF7&>11H5,",nredmainb9
407,hbergerba@spiegel.de,jT6'dmvNAoR,pfortesquieuba
408,bhumberstonebb@miitbeian.gov.cn,zB3\L4Mv@,lgelletlybb
409,greavellbc@google.co.jp,wD8{zr?b6Zyp,dpreatorbc
410,belstonebd@networksolutions.com,kH7'{_+U.J4X?l,dferrieribd
411,jlarensonbe@stanford.edu,eO6#dM7iOL,ianwylbe
412,bleilbf@uiuc.edu,bW8+x1WkR@UDZLQ,swilmottbf
413,boatenbg@wiley.com,aB9+dE@s(l{,drabjohnbg
414,mtwinningbh@ycombinator.com,aN9%S$8&@b,bschruyerbh
415,hcrumlybi@typepad.com,"qA3=},`9&7InmAQ/",apiegromebi
416,hmacririebj@mozilla.com,fJ1}t6tjUgzS,fbrazierbj
417,creddlesdenbk@live.com,zU7)GUc$5hs,gbalffyebk
418,dtenneybl@forbes.com,"zL2+fZ3X<(,2VRO",lstrutebl
419,avalentinettibm@google.com.hk,lP2=atk?Ko<BD,callertonbm
420,mpuddicombebn@disqus.com,uV7?SjyS,bkippiebn
421,lmolesworthbo@answers.com,"bR2?~xE0,9Tu!Qc&",alevesquebo
422,lredmondbp@weebly.com,aJ1'W)P)<m_,ssynckebp
423,jgrigoronibq@parallels.com,fT3!*u?U|,mdartnellbq
424,ealdrenbr@nih.gov,"jL4%m#h\g,A",hmaudbr
425,ccoggeshallbs@cbc.ca,"lO4,%$<b>38K",fdinglebs
426,cskerrittbt@ibm.com,uW5`W}\H&}W&V,isowreybt
427,dbendonbu@fc2.com,"cL7/\V""Rv\$59#<",mstickellsbu
428,dmowattbv@flavors.me,nU7+e*VDkU~,cpiserbv
429,nfokerbw@surveymonkey.com,iX7*lR?A{MO,plabeuilbw
430,rurlinbx@ning.com,tU0?_Xk}|C,cmawbybx
431,wsimkissby@youtube.com,"sI7>brp<,Ojss$b",kdinseby
432,grebichonbz@nsw.gov.au,aB8>LoS622an}gG,jaldertonbz
433,kcorradettic0@europa.eu,nI5.wkvUB9i,aventonc0
434,ldomenichinic1@sphinn.com,cE0\Lgty#`)TVN)V,anoltec1
435,sbazellec2@cocolog-nifty.com,gK0@py9B9Z0Vr2,vcursonc2
436,gdjekovicc3@angelfire.com,vU6`=Y&?oL)X,wdearlc3
437,ewalsomc4@umn.edu,vL3=V?UfttZ0k,aovisec4
438,lmclindenc5@webmd.com,tA2&nt/.h,dcroydenc5
439,etuerenac6@nsw.gov.au,eV8*dz6},kpersittc6
440,hhindmorec7@oracle.com,nF9.{u/FTJ,gfernc7
441,bkevernc8@icio.us,yP8~w|U9%oUR,qchadwickc8
442,kharrissonc9@youtu.be,vE1~nJA=YL%V?,aromainc9
443,vsimondsonca@weebly.com,"eB0""+{,""UEnV0s",ygouldieca
444,aallinsoncb@pinterest.com,lS2&}1`=,cmacgraithcb
445,rdockerycc@vkontakte.ru,zD1|fBcd$x1,jbridgementcc
446,cedmensoncd@bandcamp.com,oX8_'ER|b1P`_n,ymccartycd
447,ecollumbellce@mysql.com,"kX8%34sC>,x5yZ`",wcockettce
448,mlauretcf@domainmarket.com,fN1=|1HUQbluF{,abreytcf
449,ybearnecg@flavors.me,"tV7%,#6@*eqqS'B=",lransoncg
450,lcoltench@oracle.com,yG9<i)0%~}E{,alislech
451,eryeci@admin.ch,gQ4`|v)g<HL,agostickci
452,cgatchelcj@dropbox.com,bL2'ux$D&r,dinchboardcj
453,jlaguerreck@google.com,sI1@/n#'CCT.,krowlstoneck
454,jdredgecl@bloglovin.com,vY2/bXQ=,rstrognellcl
455,pbeswickcm@1688.com,uK5$6zsj,wkolincm
456,abrestoncn@cafepress.com,gE5.{`v%@N/,obaylecn
457,pmacwhanco@prnewswire.com,yH3~DZ'8K`pUQ/m,agierco
458,cmuirdencp@livejournal.com,"aL7*)!7gbr,u",hharragincp
459,frontreecq@msn.com,kT4>ze++Y(s!m,mserotcq
460,dbeenhamcr@yellowpages.com,bO5\1#KCi<G\k,spurdeycr
461,jvasilyevcs@noaa.gov,pN5.<W)6>Ij,sinnottcs
462,fsperect@elpais.com,cC8_2h\ANK,pburgoinct
463,lblethyncu@oaic.gov.au,lX4&I8bC2k7,ephilpotcu
464,dcassiuscv@soup.io,nM0!S3O{6,lthurbycv
465,ctebbettcw@mac.com,wG9@<SBIK<,gstonestreetcw
466,msheracx@slashdot.org,wF5<~w75>@T2$x5h,jrobloucx
467,cjansemacy@alibaba.com,lG8=L{(Ho#32vNB.,fbeachcy
468,cwillshirecz@google.co.uk,aI5~GK4GB&0f,gtabertcz
469,hdaceyd0@pbs.org,rP4~%Ro=,mcostleyd0
470,achassond1@friendfeed.com,"xT3,2%*0P",djaskowiczd1
471,mnansond2@facebook.com,iF4\NzG$U,asimchenkod2
472,cmatelaitisd3@homestead.com,eV6.y0t*sWhN,jgauchierd3
473,vmavind4@bravesites.com,aF1$Ln9c(i,dgridleyd4
474,bsherbornd5@microsoft.com,yU2&I<TL,jfazakerleyd5
475,wspaduccid6@ifeng.com,dK0'N0`v$7,abiddlestond6
476,dmcmahond7@webmd.com,"uF1""iRarRB",ofisbeyd7
477,pberefordd8@uol.com.br,wL0<&E8CY|8M)'c,asacazed8
478,tgomersald9@arstechnica.com,fJ3#t*T3q3TLeI~P,jbraddd9
479,lbielfeltda@sourceforge.net,kI9|?zaV',hvanveldenda
480,amallochdb@imgur.com,"mY8\aG,c`DqmjKbt",hdmiterkodb
481,vshavesdc@dailymotion.com,lL9\A9SY,hclawdc
482,abarnhartdd@marriott.com,kQ3`8#_Yd$H'/t,cduranddd
483,lyouteadde@tinyurl.com,iB2*G#15&Zr,fnicelyde
484,dofogertydf@theguardian.com,zS1{1UnxnTx$aR,dfishwickdf
485,gshervingtondg@cornell.edu,nE4}Gh\V#RM,cmcisaacdg
486,cmacrannelldh@about.me,zH1_1|so,rmandrydh
487,dmuzzullodi@wired.com,"zO1,y$u7&YdJH.#",mchasondi
488,kmcglewdj@facebook.com,sD8_~Tt6)G(k,bccominidj
489,rrenndk@parallels.com,"aB2,(sqy<a,",fpostindk
490,vludrondl@delicious.com,kN4`@B98Iz4cqyh,jmussareddl
491,sbachelardm@ucla.edu,sN4(h!uR,fbricketdm
492,metchinghamdn@canalblog.com,wM1?HOCV|s+,acattermulldn
493,brayburndo@twitter.com,aK8$H|x)hcL7sUFR,dboulddo
494,tsawnwydp@vistaprint.com,rY0%'qHs,aricciardellodp
495,brieflindq@bloglovin.com,yD6{f&O).~uQQ&T,achansondq
496,cwailesdr@globo.com,iA2+0gc?,cbodegadr
497,gburfordds@webnode.com,"qZ6_6@I"",z#6",cpriddisds
498,zbroseldt@washington.edu,yL5!pJ)I@Dv}4>Sl,bnicklinsondt
499,gtookilldu@tripadvisor.com,dD4{VFbi'G<>MO,erabjohnsdu
500,blarmouthdv@seattletimes.com,dO8!{KUa4,achstneydv
501,dstaintondw@multiply.com,pV6+>6*lo\F,brosenstockdw
502,ccharettedx@flickr.com,"pY7""nmo.lgo",gmarkiedx
503,dwashingtondy@goo.ne.jp,eT0*+#Qbo<JZ`,honeilldy
504,cseagodz@wikispaces.com,vX1*WuwDxniO,lshinglerdz
505,lcharlwoode0@opera.com,mD2+1G(j+t*H<Z,tcockaymee0
506,parstingalle1@aol.com,iF3}_Kje5hr&&),baldwincklee1
507,apatshulle2@netlog.com,bZ3<zK6zof,asamtere2
508,jguerrye3@simplemachines.org,vG6!{q<j~Eoua/1,wglasermane3
509,lyarnalle4@forbes.com,aV8_x89VJ,movershotte4
510,dmordacaie5@wsj.com,qC4@Cv(m%0A,dhearde5
511,lhehle6@hostgator.com,fD1=\vO!,kfrenchume6
512,carmytagee7@noaa.gov,"sN2,VS%sP6gEHFY",vduetschense7
513,uhartelle8@state.gov,fA9%nkKj)v\WO{Ny,ioshevline8
514,fcritchere9@sun.com,lZ9?d$9Jda,ahaete9
515,mleafea@yellowpages.com,pW8{D9&RVF,ipiercyea
516,hperfitteb@whitehouse.gov,vM2)*e.m/oUl,gbumphreyeb
517,mbrettonerec@sina.com.cn,gT1&0O|JT1,fmathesec
518,ssansumed@dyndns.org,lR3'8DQQ$o,pmembryed
519,pslayee@telegraph.co.uk,fR4>=`S|F=,mcorryee
520,gmcpakeef@exblog.jp,jO9%hgVoYbIm\,hgilbrideef
521,nisackeeg@nydailynews.com,"yG8(B$k""(3e5",kgrumleyeg
522,mbollereh@storify.com,oP8=IHn&ZAA*sj',ahatherelleh
523,vriponei@europa.eu,"xE6}""qTmrXdX/T8r",jdormandei
524,esalmoniej@soup.io,"tI8|8~j,R8M8X",aterlindenej
525,fgalvinek@feedburner.com,bZ7$wkv_,nkenwoodek
526,mbattmanel@discovery.com,mA1>$G1.l,ndeasel
527,qhaylettem@theglobeandmail.com,wN9~IPn<,panglinem
528,ltaberen@sciencedaily.com,bP7!?s5Nh0Sp,hbudcocken
529,stripconyeo@army.mil,"kD3}Ui?67X,",hbaudeeo
530,strahearnep@furl.net,sY2!RR0HKg2`uM7,uironsep
531,dclouteeq@yellowbook.com,yL4`dP?Q5o!+IO,gfitzroyeq
532,twhitneyer@networkadvertising.org,gV5)BDODIeocG,bberryclother
533,mstaires@auda.org.au,"yM5{aR=DL""XN\3}",thammores
534,wpasmoreet@behance.net,"aU9,%B}dK",vdydeet
535,ibannestereu@cnn.com,uU2$z4|1OG=30FC,wnorketteu
536,sgolsbyev@stanford.edu,tG7<OI&Chc,afilipchikovev
537,jmarinew@lulu.com,sX4?7'eW~GG8/K,bnorhenyew
538,ksnelgroveex@paginegialle.it,pM5#(ZYtdImu,swilliamex
539,rnortuneney@paypal.com,rA7)zT##zK+`1xQ{,cwakeliney
540,cpellewez@comcast.net,hW4=.r!Zr,cablettez
541,sfairnf0@netlog.com,bB5&w'0U'h,cbenglef0
542,ccambellf1@cnbc.com,uO8|EGAyq*#3,gskippingf1
543,udiglinf2@chronoengine.com,eX8!IEj`,dcloustonf2
544,fseebertf3@gravatar.com,"iD0/""2)SDD`K=`&.",cmolineauxf3
545,cnottf4@nba.com,vQ7?Ih`Rj2$6@',tdowngatef4
546,vglovesf5@census.gov,cP7.8J}}Vxdquo,rpesseltf5
547,mdillingstonef6@google.it,hN5{+Hmy4.T$5T',acaulketf6
548,wipsleyf7@seesaa.net,"aH2?gu4b""R",pcurmif7
549,sblockf8@timesonline.co.uk,nI0_e6X)~Yu.,fofogertyf8
550,zprozesckyf9@arstechnica.com,cW2)JlechtS~,xprettyjohnf9
551,lbooijfa@blogspot.com,dQ4=aN{6,aoffieldfa
552,dferrarfb@newyorker.com,nJ5!H/yR,ftwinbournefb
553,vwaggattfc@desdev.cn,hF8.ZIzgxjf_4,sbraizierfc
554,kguerrifd@last.fm,wL1|f|1~Q!AC4rnt,iyakunkinfd
555,sandrivotfe@t-online.de,yM9=3lD&,dibanfe
556,kabramzonff@twitter.com,"wT2_,""OyxXn",kbradmanff
557,kvandervliesfg@miibeian.gov.cn,"hX7""7TLI7N1""{{vw",bdortonfg
558,pjobefh@skyrock.com,"iX2<""D7h<V?f7X&",rrecordsfh
559,vdanseyfi@mozilla.com,dD9'W&9M@>b9VoC,rshilstonefi
560,kdunkfj@nytimes.com,"wU5}PmVzja,{Gjb",vbiggerdikefj
561,pmorbyfk@bloglovin.com,wS9\A88C0!6q,konoulanefk
562,ulardnarfl@lycos.com,rD6=_E+G>%(D|?w#,ssanfordfl
563,abriarfm@soup.io,xJ5\Ym.GLe/,gashtonhurstfm
564,ltomasellifn@istockphoto.com,"oT7""K2""r~|/dE",pgreedingfn
565,traffinfo@lulu.com,dG0=OlaLB\FVf4?j,hsheklefo
566,apresideyfp@va.gov,gK1@5OHdSYgaHh,ebentinckfp
567,jmatevosianfq@nymag.com,"zD9<d7/d""i",gblagdonfq
568,iknollesgreenfr@economist.com,jG4/X?j+lL'UW?,jpellmanfr
569,wmenelfs@artisteer.com,lW9<yB#r+W*&VB&,mmustardfs
570,olippift@i2i.jp,qT1>T4>Q&,kwellingft
571,abradmanfu@ftc.gov,gQ4?0KUnQ,gbrogdenfu
572,bcoyefv@phpbb.com,jS3>fpKb5.pROc{',dwinchurstfv
573,cfouldsfw@is.gd,wC8$d\~lQ%,cguinnessfw
574,astofferfx@va.gov,dP6@!NkYQ<,mwiddowfieldfx
575,rjacobovitchfy@google.com.hk,oN4*L.?i,jjezardfy
576,sbachsfz@usda.gov,gQ0~N{ng0&eMf>,mmcgrannfz
577,ilearoidg0@archive.org,vD7{GW&ZV.,trollinsong0
578,aantonichg1@github.io,"fC3!J9W9+#,%LYh",mgifkinsg1
579,nwankag2@ocn.ne.jp,lW4(CEML.,kfroudeg2
580,umcguffogg3@nymag.com,eO5)3x)<5)nx7u,dpickrillg3
581,abacheg4@cloudflare.com,nM3>VGaxf.Va\<,pclayfieldg4
582,sashelfordg5@angelfire.com,mA0~EjD.5y,beshg5
583,kruggeng6@japanpost.jp,gL4@ZFXfJwM,imaliag6
584,jbarnsdallg7@alibaba.com,"qC5,f`c@""VG+5)j",famnerg7
585,tjuniperg8@sphinn.com,hI1*(b*3np4hL{C,jstuckfordg8
586,fmccutcheong9@printfriendly.com,"rB7~.=,7#",dellisong9
587,atrewmanga@walmart.com,nC1'{7I1,psvaniniga
588,oargontgb@theglobeandmail.com,gD8<gR3$D*,jwheeltongb
589,lwysongc@ihg.com,bX1@Z|_`!w),bbrodbingc
590,dnoblettgd@360.cn,xZ5~KvNT=uVD{,rkerkhamgd
591,dogreadyge@mozilla.org,oT9|20MEck.+1E,ctoulminge
592,fandraultgf@csmonitor.com,wQ3~Y<n<e,amolfinogf
593,hjoratgg@nasa.gov,fF6@PJQC?w>L=wf,cwhiskerdgg
594,stissimangh@kickstarter.com,"gN0""mN7f",apancoustgh
595,sscritchgi@jugem.jp,"fM3|_f}Ny(4=,",abyrdgi
596,mleacockgj@vinaora.com,uW2@O|&mIs},zruddlegj
597,cmeasgk@a8.net,qE6=C'Aw3V,vdisdelgk
598,rgerardeauxgl@behance.net,zR6\7O*s3B,bpeirogl
599,jkirtlandgm@pagesperso-orange.fr,uR7+W/&g'lo8m?,bbatcockgm
600,bbeamissgn@rediff.com,pM0@tXG#L8IL1m',hallansgn
601,drabidgego@comsenz.com,"mN3|EO_t|,I5=v`",tlardeuxgo
602,rboickgp@pagesperso-orange.fr,nI2!b2F*Y_?u6E4,hcaddensgp
603,dbarffgq@japanpost.jp,hK3.&sEUC.Lw,kdinningtongq
604,smeinekinggr@weather.com,lR5%c3kGn0BsI,scradickgr
605,gwaddinghamgs@baidu.com,iX0&t=So,jdeverickgs
606,sjimpsongt@wufoo.com,pV9{?PChU|,gpraundlingt
607,binchgu@soup.io,aO3}yjZl,eocloneygu
608,mbischoffgv@twitter.com,"aD0?hgq,m|S)A<G",dmaltstergv
609,rcongrevegw@google.it,iL6%i8825Mj8uF,gdcruzegw
610,mthewlesgx@mlb.com,uR6?QiA`4(d<qa,tdabinettgx
611,dgrishmanovgy@time.com,pV9_q2U/j,abagotgy
612,kaubingz@pinterest.com,"kQ7""&I+,WH6PW@",lchishullgz
613,apauleauh0@examiner.com,hB6}ec3wh11FddQ(,tjonash0
614,mdodsworthh1@edublogs.org,vX0/Oa*MJ*t+b,mdeluzeh1
615,pmeldingh2@gmpg.org,dA9`/C6P,wclemmitth2
616,kcollinh3@soup.io,"tB6,ri(3o",vjirah3
617,lferoneth4@g.co,oL1}Z|BB6>ErOZ=k,yhumblestoneh4
618,wdowellh5@github.com,jF1|jkjnU,dwranklingh5
619,pfeavyourh6@bluehost.com,tL2(P~%K?F~`i6,jtothacoth6
620,rmaccourth7@prnewswire.com,"gT3\""+eJgO",bglassopph7
621,ehollylandh8@clickbank.net,"jQ7""aP9CGOP,p",skingswellh8
622,mschollerh9@goo.gl,kM9>{'{nEw,jstollenhofh9
623,mkleinlererha@indiegogo.com,yB1{pMxi@M&VsR<,gmuntha
624,bdooguehb@gravatar.com,vY0}Oi\<Slkx{8,jrecherhb
625,sragsdalehc@ed.gov,oG0/.G(aK,smenendezhc
626,ckoppehd@craigslist.org,wB4\pZ(ipn6!_=,plaurentinhd
627,mcasillishe@census.gov,oQ9~U8_!,koliverpaullhe
628,aliversedgehf@ox.ac.uk,vK0$F4+a,afritchlyhf
629,tdikelshg@mozilla.org,eO2/9(G})J`Qc,bdykehg
630,slochhh@independent.co.uk,"wF1,M!Vx`+M",rbaitsonhh
631,phaughanhi@pcworld.com,cF9+.nyImh,pbeginhi
632,cpostinshj@si.edu,uL2|Ub.n,tmackaighj
633,mdragoehk@jalbum.net,"xO4#k""+WKT9p)dGK",skeenlaysidehk
634,hbaradelhl@last.fm,oX6~}ax}`+,lbrittohl
635,clowndsbroughhm@sourceforge.net,kS9!hfJ>,lwhitnellhm
636,fleyrroydhn@arizona.edu,"jT4@f|""LMt",jricciardellohn
637,wbattinho@gizmodo.com,kH8)Vlmx!/,lscimoniho
638,jcramhp@nhs.uk,lR1~4_&d=Ak,gkorfhp
639,dfarquharhq@gizmodo.com,kJ7*<|4p''%s/V,atorryhq
640,sjakemanhr@vkontakte.ru,nO6.eThW1,fgilleberthr
641,ndelacroixhs@tinyurl.com,kD7?Re6j57k,gcolwellhs
642,asmoothht@skype.com,eM8\dhC12CU<,pkryszkieciczht
643,bllophu@friendfeed.com,qF8#}{WE,egethynhu
644,rgregoriohv@miibeian.gov.cn,"zL2*Ozo9Sl$/),fG",dbuddenhv
645,kawcockhw@soup.io,hO6/Z.'F0/K758L7,tpowlandhw
646,mambrogiohx@com.com,"lK1""'/OShuc,g",bcarlinhx
647,olubertohy@networkadvertising.org,nA6%yt2\C,hmaybeyhy
648,icomberbeachhz@mlb.com,"bG1',fm#I}",fdechelettehz
649,czapateroi0@about.me,vM5&L=A'Wum,bsargei0
650,mavrahamiani1@google.nl,"zN2,{Jn}U",kcrystali1
651,dsorroi2@acquirethisname.com,hN8}zPgYX%smd$,ecesconii2
652,hbarkworthi3@vistaprint.com,dM1|mAQK>e>rO,mposselwhitei3
653,sbainesi4@harvard.edu,mV6.<{uB2}v)x~(6,dasleti4
654,ncuttelli5@dagondesign.com,"lV5+a*,?lz+Q>+qX",kmcgavigani5
655,srappoporti6@wikia.com,"gZ8!_3k,&p",medwinsi6
656,bdarteri7@foxnews.com,yJ7@|@G)>#{.q1ld,aklosgesi7
657,nkristianseni8@yellowpages.com,hA0_<0C#,aderueli8
658,tpiddlehintoni9@usa.gov,wO8_I=F_>?9s6?K,jbaggetti9
659,egilvaryia@senate.gov,mP0(+B\Ii,wtissimania
660,bsurgeyib@cbsnews.com,"oN2""Ep(Z0/e,Qw",rlangeleyib
661,cshiersic@columbia.edu,gT2/EuHBK,pmusgroveic
662,schyuertonid@wunderground.com,cZ9.Zehhl),tebbittid
663,scardenosaie@zimbio.com,xQ6_LfXh,eredpathie
664,bpickupif@cbsnews.com,zI1!MPMdM/#40Q,jadawayif
665,ajirickig@bravesites.com,wG7`C7zWXO*(!Gt5,ogoodyearig
666,medworthieih@webeden.co.uk,jF4>hWG}93,jfallancheih
667,gpoultneyii@ovh.net,sU7}wDDCo(,caldingtonii
668,aharmerij@cpanel.net,"uZ3,{Da?PBf8c>",obumpusij
669,malesinik@surveymonkey.com,qD5{jQOU,gbompasik
670,rdundinil@hubpages.com,fY4}4i2TnU,gwapolil
671,nhelianim@washingtonpost.com,"qF4/5J3j\""Lay",ecotesim
672,merdelyin@mapy.cz,gL3?n+ki\T)s,jlympeniein
673,eramsayio@mail.ru,eF0_qW4b`L,ljanwayio
674,ldahlip@forbes.com,"jU5""~xNb,Q4Gyid!",pbrodyip
675,ebellhamiq@google.fr,qU1{XUm\UoO'>,ebantoniq
676,mjerwoodir@mapquest.com,wH1'JQ>Mm,scareir
677,jhardingis@i2i.jp,"bU0/W?+K,=(",jcardellois
678,phanabyit@disqus.com,aL2$}x)gc8e{9,wtemprellit
679,lmcfeeiu@myspace.com,"rA0=N|5zB+z""?o",bcordayiu
680,jbaggarleyiv@examiner.com,wA3'tjh/,fleismaniv
681,gvasseriw@home.pl,zQ5{PM=7B705Wbb,skretchmeriw
682,tskillingsix@quantcast.com,gB5$%CrE8,cbirkinshawix
683,mtenauntiy@csmonitor.com,oZ0!JFb8KUCKyn@=,akyddiy
684,mstolliiz@who.int,wS3/6<bS|R&BLd,dcominoiz
685,ddavidovej0@goo.gl,uA8*/s~K|y,jgilleasej0
686,tsecretanj1@who.int,nU9*+Ab4,byegorevj1
687,rpriddiej2@t.co,yG5/\Vh3,kwigelsworthj2
688,ereadj3@google.cn,cJ7<863=9e9/j.,lpapaminasj3
689,kweinsj4@addthis.com,"xZ0<T)|,K>\F5CJA",hwatshamj4
690,dgreshamj5@fc2.com,kD4.8'#vUW/,gcapinettij5
691,gfrizellj6@nationalgeographic.com,"yZ5""u`xIo_eWIgE,",sdavidssonj6
692,wwigmorej7@google.ru,"xR5+LQt.g?!,&",abasterfieldj7
693,acullaghj8@narod.ru,"wX7,|VHZ=o",ecoltenj8
694,aquantrellj9@dagondesign.com,mP9\q9U/EWUB.qCN,afieldstonej9
695,bfickenja@globo.com,"uH3<,*R>#WuP8",avawtonja
696,dberryannjb@state.tx.us,jJ2%E~iQ,sgawithjb
697,mstangojc@com.com,iL0%KBlVa1N,pmoylesjc
698,jgimenojd@meetup.com,mJ0'Qq1v{!*w,ybeestonjd
699,ameltetalje@wikia.com,iJ9|fcDd,rmcardleje
700,tsalvatijf@walmart.com,uS3@?L24S69oIB,rstreatjf
701,amoneypennyjg@washingtonpost.com,aF9'UQ#Q,nalliottjg
702,anicholesjh@guardian.co.uk,pA4$eRp_P=O,mosipovjh
703,nfeehilyji@reddit.com,nM0(Z(*1g,mgreenshieldsji
704,arathbonejj@amazon.de,pR4%iLK)#{fZ~u8X,cpearcehousejj
705,agiovanardijk@apache.org,aC4}caesG},clangelaanjk
706,hodneyjl@issuu.com,lW6/(!tTZ{,acoumbejl
707,kcockshottjm@homestead.com,kC0>VxKm%RTWsU=,jrozeajm
708,aatcockjn@imdb.com,aR2.W/Mo,gsibbaldjn
709,mfeltoejo@51.la,"iV0{\q=K,x5|yi8",fmckirdyjo
710,erossbrookejp@pen.io,yW9`6~Z8,srowthornjp
711,bbakeupjq@smugmug.com,pU3*65()GNWy,bnorhenyjq
712,tgounetjr@hubpages.com,lB9.+{\IDEEN,gcastanagajr
713,abowlandsjs@hubpages.com,nE5%BQzl<sO$kit,wswaloughjs
714,mmaddisonjt@ning.com,wF2$F%kOdTEL{&7D,jhuckeljt
715,gcanwellju@wikimedia.org,cE0`Ms>}s+*#j~_,cbonsonju
716,hharefootjv@dedecms.com,aH0%@Z<'dk0_,tmccreejv
717,alantiffejw@wisc.edu,"yG7""o2GP?L",kfonzonejw
718,fcrownejx@nydailynews.com,"vV6""$4K5d\Q",kmaxwalejx
719,ebedlejy@devhub.com,wP1$K4`HB.+N9YG,ddrablejy
720,lstoadejz@harvard.edu,sQ3=z*>qph,cblankojz
721,braysdalek0@ifeng.com,"pV2?\+e/QRM<@k,",msandaverk0
722,jletterickk1@ebay.co.uk,uL4#1PbP`?,tatackk1
723,udodsleyk2@unblog.fr,gE9)Nt@AB1,rdrakeleyk2
724,adocketk3@smh.com.au,"sD0{+Ucd,>$jGFuK",bcumminek3
725,lbenettolok4@stanford.edu,bI0!KFwm,blaverk4
726,isherrocksk5@theatlantic.com,xT1}Omm(_`Q,aeidlerk5
727,rteresek6@odnoklassniki.ru,"iH2%/F5,",gjoratk6
728,dwhiteheadk7@dot.gov,rY6/{Q|uI|/vll,nbeautymank7
729,mfumagallok8@google.pl,iI9+8V<x=z,posbornk8
730,santoinetk9@com.com,pL7#rfR>>,dgorthyk9
731,cskelingtonka@hp.com,"qJ4%{5F?,U",lsiegeka
732,dsalvatorekb@webs.com,iX1'R++FJ?QstC'x,gducketkb
733,flongmatekc@sun.com,"yS4<+,Z?AzTfr",mvauterkc
734,ofaulconbridgekd@last.fm,eW9/NJB9w'f?Zio,zlamplughkd
735,jcorckke@nyu.edu,yH1?Z}bV5C@8,apotteske
736,smattimoekf@myspace.com,"iM6""V7*+$**",dhehnkekf
737,hheaterkg@phpbb.com,jV0=zcc'N,rlemoirkg
738,hblampeykh@ameblo.jp,jW5+WkvEI0,wchaddertonkh
739,cbollonki@dyndns.org,rO1'M(GV1g$0,aharrowellki
740,pbirkinkj@apple.com,xA9%!0<FQ8'+mO}1,scardokj
741,mdallonkk@printfriendly.com,kE0/1@wOu,fpatekk
742,mtemblettkl@hugedomains.com,sM8}hkRF,naddinallkl
743,dbrattankm@biglobe.ne.jp,"uX0,RU$hy*{",wtrevaskiskm
744,tformillikn@e-recht24.de,"hH6$A3xF8,`VWi3",tchandlarkn
745,gmcartko@ed.gov,vV5|tFFCxMp_,bdennessko
746,lettridgekp@abc.net.au,aQ6~4dKD,jchapmankp
747,cbachellierkq@arizona.edu,gO9=/7f~hzgA\,tsandesonkq
748,adowneskr@cisco.com,sK9>\WuDil,cbaudrykr
749,bcurrumks@usnews.com,pH8+4%PSc!Ay,hhastwellks
750,egallicokt@t.co,zS3(?gt@vAb,mburgotkt
751,phullandku@phoca.cz,dQ6~%NlH,djaegarku
752,lgodwinkv@toplist.cz,"cF5`,5uI",gralphkv
753,lchasenkw@about.com,qB8=nC}.EiXe*V+,khardingkw
754,rdyhousekx@cbc.ca,jY8(3=>nv)gi,doflahertykx
755,rspavenky@printfriendly.com,lU7!3gP7?fgyYNu*,bcohaniky
756,tkleinhautkz@marriott.com,vP0_Kkg?#,ibalharriekz
757,bkorneevl0@vinaora.com,"gF0_""A)t!M/",hbreckonl0
758,jbowmanl1@patch.com,iT7>vJRe%LCV,tgregonl1
759,wboffinl2@liveinternet.ru,iZ8@%cHg$5,rgoforthl2
760,tgertzl3@facebook.com,sL3>GmnGAe,abarrarl3
761,jmellodyl4@vk.com,oG2|~_eT%DAbxlB,lswatheridgel4
762,aolliffl5@umich.edu,nA6*+Vo%vPF,cbearnl5
763,emuzzullol6@weather.com,"sM7""6o+x",ablasgenl6
764,scoombel7@japanpost.jp,"hI6)C+mN5?{""cD&",aboudl7
765,djewsburyl8@unblog.fr,rU9{%z({,fseeksl8
766,spattinil9@technorati.com,qK6|7S7l,icraythornel9
767,aciciarila@virginia.edu,zD8)MijI.s>ywT,pbeetla
768,cmaharrylb@va.gov,xR9*Nrg=C$O{_iO,tpetrelluzzilb
769,celkslc@usda.gov,fH7#AY3BA~0.,mkellartlc
770,aplaneld@state.tx.us,"kO0%""x(}FxxlW",zshimonyld
771,lfiddemanle@sohu.com,lN4.\?FdpLT,rrenekele
772,sboguelf@usda.gov,mX4>kXWDtC~,rphidginlf
773,rsantostefanolg@domainmarket.com,rX5+U|JG,asmetounlg
774,ofaragherlh@arstechnica.com,eT6{m8X<Z@FS,aprimroselh
775,rstobbieli@bigcartel.com,pH5(NXGgvk7sZjz#,capedaileli
776,awormleightonlj@lulu.com,fY5#'MT4xKNOk,bharnimanlj
777,mswainelk@artisteer.com,"xE9.1#""wv@ZazwM7",gbachniclk
778,bodoranll@is.gd,dE8~edA}2B#ync,jcastelluccill
779,ghayhowlm@google.co.uk,fX4&oWAALv,aspeightlm
780,olimpennyln@gravatar.com,iG3!wr9DR.cxT,tkersawln
781,tthorringtonlo@google.com.au,jU9.~bT6R'S~J,bcaveilllo
782,jpentonylp@nih.gov,"jD8""/<OY3|HHE6={",rpeagramlp
783,coldislq@ehow.com,eM6}Z+/T,wdoomanlq
784,lmeugenslr@oracle.com,nM6+5z$n9(8,dfineylr
785,blujanls@smh.com.au,"cN5~0bU\""P",djohantgesls
786,ebryentonlt@tuttocitta.it,zV4@mQy6)hu)'b,lsplainlt
787,vcubinlu@discovery.com,bD3$4YD&lRd,cgatecliffelu
788,abaffordlv@who.int,xO5`JTlPt,cpatricksonlv
789,ckettridgelw@discovery.com,mS0*0ylL4Bn,lbrokenshawlw
790,stisunlx@stanford.edu,lJ3.\NFMQ,csinelx
791,nwhitelockly@last.fm,iG3{$K3`'iI/,fminithorpely
792,dveeverslz@chronoengine.com,iV4\\G4r0E7GRJ,fclarklz
793,mbarkawaym0@hostgator.com,"pM8?I""B_=",esherynem0
794,sschoberm1@imdb.com,"yX1,au&,o'%",asiaspinskim1
795,nkrysztowczykm2@artisteer.com,"eM3\""ecug.9{|r3Q",bbrimicombem2
796,vtennisonm3@chicagotribune.com,nO3+HUW?1,ccharlewoodm3
797,rengam4@macromedia.com,kA7<#=@6dw6U_)J#,choviem4
798,irousbym5@msn.com,vE7*%Bet0,bhufferm5
799,adevenishm6@xing.com,jU0?IAC$B,drosem6
800,kburgessm7@bloglovin.com,"zQ9""L6UDWkx7",fburnittm7
801,idowsonm8@infoseek.co.jp,mH6~98bJ5z\?j7n#,fmalamorem8
802,rmcquarriem9@google.it,vK3|_q=S`g,lcalvertm9
803,aschrirenma@telegraph.co.uk,iD2\5pMAt,sthirlwallma
804,wranymb@example.com,hQ9@\{K~j_,aickovitsmb
805,gcowitzmc@nasa.gov,dW2+Q+'<`#,nmcalpinemc
806,mpersemd@wikia.com,lZ7?Ie_BkM1R{x(,gfeigemd
807,mlefevreme@t.co,wT7>*Ft2tr|As8,bmccaghanme
808,prickismf@typepad.com,iV9&?1/(v_0LsM,jtacemf
809,bradwellmg@java.com,oP0/PT=Lol~LKZ4R,callwrightmg
810,gradleymh@seesaa.net,cQ0`Exj8lzT1,gberrymanmh
811,umeneurmi@bing.com,xX4!dvt3aifmyOhB,btabbernormi
812,pspeakmj@bbc.co.uk,lK9~~C|*?7,ndsouzamj
813,csmithendmk@delicious.com,aV7+o3R\.cXJ,ggairdnermk
814,ehedgeml@bing.com,iW2$bld.s=PD'3rC,mevisonml
815,bbunsonmm@guardian.co.uk,vS7+E>j3Xk,rrussilllmm
816,nrispinemn@cbslocal.com,aI7\&Ap_s+Hh51',akitsmn
817,rcoulsonmo@ihg.com,sD2!olw?rR$sGa,brisebarermo
818,lriddochmp@hatena.ne.jp,"eH3\HX#W?ZAHq,gK",vfeatherbiemp
819,nstoltzmq@globo.com,oO3*i<#TKB8,bveelermq
820,fdenchmr@tinyurl.com,jJ5$GXhw#,hpontemr
821,caddionisioms@ezinearticles.com,hD2{0f~wQOPIU5%|,mrookms
822,mhaysarmt@pinterest.com,gW6((aUtM*~A'd,mdwyermt
823,drizzillomu@creativecommons.org,"iQ0<Oc\""ypF3'",dhavvockmu
824,vaxtenmv@artisteer.com,"bV0+,6ox~FcdhkcN",cscottingmv
825,kgamlinmw@unc.edu,"wQ2*8m&A,p",clogsdalemw
826,arichardinmx@youtu.be,"yU2.Ps,Vu<nf1""e",imafhammx
827,rmularkeymy@moonfruit.com,zL4{mCQoyE,dgantzermy
828,crustanmz@360.cn,lI2+XXuO5j<,spawelsmz
829,baskinn0@imdb.com,"kI5<`0lEFWP""_r",rdegowen0
830,dgantn1@trellian.com,zU6~cp@HhuP%NW_w,ayakunikovn1
831,svampouillen2@cloudflare.com,zC2=ifT_xmi%B5),ljenkinn2
832,aklimmekn3@bigcartel.com,"dQ3,Yd8a",baldien3
833,sodreainn4@usatoday.com,uJ0}j{3A,gnicen4
834,ggillben5@amazonaws.com,iR4>ubIu&*6@Gm%7,zshaweln5
835,beastmann6@macromedia.com,uL4{=99V,eheartfieldn6
836,carnin7@google.pl,dI9/qfYDt,fclothern7
837,edohertyn8@cisco.com,cY3&{eq?x$N|,irobberechtn8
838,murryn9@blogger.com,vF2?GwY_j7.td,bmicheln9
839,mleverentzna@flickr.com,pS6./Lc1YkW,zcrebbinna
840,achadbandnb@foxnews.com,yM7'jv}K\,apollicottnb
841,reggersnc@bigcartel.com,"vB8?O""6f>7m6",trivettnc
842,haleshintsevnd@businessweek.com,vI6*y+G+&,kbernonnd
843,mwildene@mapquest.com,gH8.+76H~zvuJQaj,gburbridgene
844,ckiledalnf@last.fm,fE4+ekii_i,frodgiernf
845,guphillng@liveinternet.ru,xM9%jzF_/&9okl,lprimakng
846,emoaklernh@live.com,"jV0$1A\x+q\""*%e4",acrommettnh
847,rglenwrightni@google.it,uW2(Y1(mIpJ%}T#,narmytageni
848,igablernj@archive.org,kR3.PV?CSKt13,zcraftsnj
849,jtomczynskink@apache.org,wQ4{=yF+,tmynottnk
850,rcausiernl@gravatar.com,sR8.N2lr$He),jsporesnl
851,aspragingnm@edublogs.org,"eQ9#c,Z""KZ",fbearmannm
852,sdaxnn@paginegialle.it,vP0$%(>&,mbullenenn
853,mneylonno@goodreads.com,eT8'iJB+@9ioE.,kstevensonno
854,wphilliskirknp@istockphoto.com,"tR6>2NPvbV,5)Un",tlodewicknp
855,lwharbynq@vinaora.com,kQ9{YD<c5d8o,pvanderkruijsnq
856,rhurrionnr@yelp.com,pV3'vb!%/uy,tbraikenridgenr
857,passinderns@baidu.com,"gL9""j62ba`r,c",mcoylens
858,karniznt@github.io,"tK3\*Jr""Pz/",mwildbernt
859,aygoenu@wsj.com,aO4#+Pe!$EjMu,wwardenu
860,bshaefernv@omniture.com,xE4`C@o7M,vmioninv
861,hgoubliernw@merriam-webster.com,lZ2\i+#)rf,jcanetnw
862,sgiannassinx@godaddy.com,wJ9={okk1,hverrallsnx
863,bdugoodny@arstechnica.com,iT2@seD)*`9|Rm,zrembaudny
864,kalfordenz@weather.com,sB5=KB8bj,ifollisnz
865,cverbruggheno0@theguardian.com,jZ8\$*|o=x,bafieldo0
866,bcostellowo1@apache.org,"vI4_Y@r=H/0sAW""",alosebyo1
867,dquineto2@blogtalkradio.com,"pK5,jG<03Njt0p",mairetono2
868,ggwilliamso3@ucoz.com,kY3<8D(%}&,gprioro3
869,csandefordo4@reverbnation.com,eC7(SzP5wV'LS#,sinnetto4
870,rmckinieo5@comsenz.com,wO5>xoBa#Sc+l+,elebosseo5
871,pdudeneyo6@123-reg.co.uk,"wK4},ekteHAGj",lheathwoodo6
872,kstainlando7@ifeng.com,sI8\Iw`K@6gQ0,dhullino7
873,mericsseno8@spiegel.de,"qD8(P>s""IPvA{+",tdenhamo8
874,aforkero9@youku.com,"vK8*>7@,ytA",dclewo9
875,hpatemanoa@illinois.edu,"cP5?%(hSjztp!,",bweekoa
876,cmaccallionob@hostgator.com,mG8!f.*%FdQBLKMu,dlawfullob
877,dcoalesoc@dailymotion.com,vO7*/Y>Vou&E|ds,cdewsnapoc
878,yshoreyod@purevolume.com,"gH4""Tb\dCE~~!b%",sbachnicod
879,rdoyoe@dailymotion.com,xN3}Qj+&,akleszinskioe
880,gislipof@google.cn,"kF7+,a)&=",sskahillof
881,kpetworthog@irs.gov,"bQ3""r""mNw.",htytog
882,bdurganoh@latimes.com,"qE3!nro!7p%,Wp",rkoptaoh
883,htreadawayoi@lulu.com,kR6)+%D=2,holliveroi
884,gcleereoj@chicagotribune.com,lK9~i!oRf&o,fdavilleoj
885,bmckmurrieok@hibu.com,fV8<%@p1?k3,estanistreetok
886,lphilcoxol@51.la,"kM1?iajpF`h""",njarlmannol
887,gblincoweom@yolasite.com,wE0\2cFP5o0~8{DY,jantonignettiom
888,olyndson@pcworld.com,rN9`G$P*I9>8gk{N,jdaweson
889,hsighardoo@guardian.co.uk,zE8/\Ql{\f,rculveyoo
890,lsunmanop@github.com,nH2=ah4IM,mrylanceop
891,ajacquotoq@independent.co.uk,gN7~7Vp=rQk!+W)C,cfosdikeoq
892,rbugdaleor@ibm.com,yL1_&rC'h,pvanhalenor
893,ocecereos@google.fr,"jQ5,6nL2M",gacorsos
894,lmacnalleyot@ucoz.ru,hC6!85)/.>7Lx_{,hpenwellot
895,sgingelou@studiopress.com,"wI2%FJJE3'M0,N",meplateou
896,ktomaselliov@creativecommons.org,cM4)yz<#,phonatschov
897,mpeeteow@sbwire.com,pT4\36aNBC,iplailow
898,starbornox@weather.com,lS2}|hHVL'A,ealdamox
899,dballsoy@forbes.com,kZ0/et}x>Cd\,mfriedlosoy
900,ashawcrossoz@dmoz.org,qR7<(BxmaR/v,kgregorattioz
901,lleblancp0@thetimes.co.uk,vB3|8$lPxY},ckeelinp0
902,gwillsheep1@mapquest.com,cG9$6S).D/A#G,scattermullp1
903,cscarbarrowp2@sina.com.cn,"jC6_MkY}BO""tHGV""",saisthorpep2
904,hmclaganp3@4shared.com,rY0>z*Llq4H9>%{,pleachp3
905,dderwinp4@de.vu,"gE7>EFZFltw6),X",rnicholasp4
906,dbrunottip5@nhs.uk,hH7($Hv%,rfalshawp5
907,dkannp6@goo.gl,sS2*%F+)u,sdearlp6
908,akelnerp7@dot.gov,"xX9),(1qp""80+l6",cbrumbyp7
909,hdriversp8@seattletimes.com,hN1<&s?KQUE`Xq,kdunstonep8
910,gellwellp9@intel.com,qW4/A&O'&,nodohertyp9
911,jwhipppa@epa.gov,"wL7?>*""en?/}H=.",gfennellypa
912,tleybornepb@meetup.com,nC5&iAz2,bburnuppb
913,eleverichpc@desdev.cn,tV8.Un~)EqL#0GI,cborsipc
914,dcaigpd@usnews.com,"iX1?S%G""",apydcockpd
915,lscallype@google.it,iK3>+(D%,gbessellpe
916,tplaskettpf@stanford.edu,nW7/i4+GXSgA,bbuxtonpf
917,csignepg@uol.com.br,yU8`~hZLoH!$9kR,bdrakepg
918,gcumingph@studiopress.com,jI9@(6~d}FK,aelgieph
919,mgehringpi@wired.com,kP0*{=d+,kquailpi
920,kmacquakerpj@amazon.de,lJ3>dcRY#w\8lp,mglavespj
921,gmaingotpk@mozilla.org,dV8$uDA6(Wmb&<3w,mbenerpk
922,ealbrightonpl@telegraph.co.uk,jB5'i{N!JIIE=AC&,nscandredpl
923,eballpm@prnewswire.com,"uE6""f_2j(m3sr)lb",etomaszekpm
924,jocosgrapn@samsung.com,nG0=+8O@iN?,pmellpn
925,kfidoepo@illinois.edu,jU3@ONR=UeTG,cshukerpo
926,wesserypp@rambler.ru,eV6!9$J~yxI~Uut,obartolipp
927,mcoumbepq@senate.gov,"fL2\HCX,3l`IM",pmurrhauptpq
928,kivushkinpr@thetimes.co.uk,pS9)=!Tk%+9v8QtV,mmorbypr
929,tleserps@nba.com,"rB5,ZV.fp",dwinterbothamps
930,sdcostapt@bbb.org,wH5/\e!9@&Kj!6,jkershawpt
931,erecordspu@cdbaby.com,zM1{'Hk!>BC,wloganpu
932,igarmeypv@wunderground.com,rB3$%dzf&%mROib!,ltrytsmanpv
933,klippardpw@123-reg.co.uk,mR7+2hVv)1,bcoonihanpw
934,dscarffepx@techcrunch.com,vH5{sA~ldV,stipperpx
935,eraynerpy@i2i.jp,iV8~S0O2,dgeorgesonpy
936,moddypz@storify.com,kH3(01QbAa,lcashleypz
937,ndeverauxq0@globo.com,"rR2&F.""z1pF",goconnelq0
938,monealq1@vkontakte.ru,qD1<e'BNVV,rgoodeeq1
939,vtembridgeq2@pcworld.com,"pY4|jr7?""n",krigardq2
940,esawoodq3@cdc.gov,aW6$?2`9FT<R%|?,rcastelloneq3
941,cassonq4@google.co.uk,tU7$MuELE`@,sieldenq4
942,rwatkissq5@intel.com,"lJ3)JWd@)""k",ckeggq5
943,jmcdyerq6@cyberchimps.com,hY4~m@~p@K!{4,dholehouseq6
944,pashleeq7@squarespace.com,wN0'6?&X_r,jwesthoferq7
945,rredsallq8@telegraph.co.uk,jZ7`w$KX=vl,esilcockq8
946,tpatroniq9@ning.com,"nG2%_qHJk?rMd3),",esymperq9
947,lgherardelliqa@who.int,qL2#1>!4N%|,cmintyqa
948,ncanoqb@washingtonpost.com,mE8.s/kJJts,jwatchornqb
949,ecluleyqc@reverbnation.com,jZ5%i}4&7gA3,smcleoidqc
950,gmcaviyqd@drupal.org,wK4'DHGs.O`%=,ashapiroqd
951,tbestqe@whitehouse.gov,nY8(s*p>('#sLcR3,wjemisonqe
952,omcreedyqf@arizona.edu,"uT4|Ej~T4""Y>v",sspeedingqf
953,emaunderqg@forbes.com,tF3'./9I@,creinertqg
954,zcrooksqh@sciencedirect.com,kD4/v`Y6,smckleodqh
955,harndtqi@ihg.com,"eC7!p+@A""k{*",aortnerqi
956,eyewmanqj@zdnet.com,xN1)qJl}YcB9N,awaumsleyqj
957,afishpondqk@nba.com,"qD6%v$nRh,Y",fbobaschqk
958,lvennardql@comsenz.com,hS4~@D4zZi,khartshorneql
959,rrodriguezqm@thetimes.co.uk,"aB5*K|{|5hlk,",estemsonqm
960,cscoffhamqn@seattletimes.com,iO5_b.8Q{AxN,siltchevqn
961,csleefordqo@shutterfly.com,mN3&R`0sf?5s,terbqo
962,wtalmanqp@oakley.com,lE2=4$$QYH,wjouanetqp
963,zkeyseqq@yahoo.co.jp,bB5%L\n2>|NZ*0C,llileqq
964,mcarriganqr@youtube.com,lS6$k&$hS&9&TK_,cgregolinqr
965,palawayqs@china.com.cn,oC2`y\\ul,edeblasiqs
966,spaskeqt@youtu.be,eV0_k?Etk54y<N,cgallichanqt
967,jnessqu@spiegel.de,"yY9/5b9""%e",bcheshirequ
968,sfluinqv@geocities.jp,cI8<WG6ai{C,bbrignallqv
969,aambageqw@github.com,vZ0~+9YcC,ygrandisonqw
970,dmaggoriniqx@answers.com,aE8{xfu!R&G,fsalsbergqx
971,ogrievsonqy@hugedomains.com,hJ8&L+n8Iz$PueEh,awederellqy
972,ddomeqz@youtube.com,cT8{lge%aS5Hgg8W,bmacelholmqz
973,zcottellr0@vistaprint.com,rN0_+c|@,atrustier0
974,rvasilyevskir1@disqus.com,pY8'<3ll,smollener1
975,fwilcockesr2@so-net.ne.jp,mQ3@1<Q9r(/,cpryerr2
976,ewrinchr3@google.ru,xT2_nmN4t+2804,bberstonr3
977,aloosr4@army.mil,zH2@7|z8a((i+',bkenchingtonr4
978,ochazierr5@mysql.com,rN2{WtAP_G,bjeansr5
979,pshearsr6@amazonaws.com,"iY5&k1%Wpm""vXF",dmacswayder6
980,bstennesr7@w3.org,"xZ0?""b\J1%EP",rbrandr7
981,yorrellr8@elpais.com,oR1%MqlnCc\hE},rfaulkenerr8
982,wfandrichr9@youku.com,vL4_XN)\~f~,sgilhoolier9
983,rcasperra@github.com,pD3+xi_sv&~<,mlampreyra
984,hjacklinrb@chronoengine.com,nI3>iwI.V_3mtq,sskivingtonrb
985,kwaldramrc@paypal.com,eN2@u?ufc>,akerridgerc
986,tfussellrd@blogtalkradio.com,mO1%HgHO,mduchasteaurd
987,lradwellre@princeton.edu,"qI0,G2@7",pghionre
988,gblumsomrf@marketwatch.com,"iG3""?}mOlz57/_",jarlowrf
989,aschrievesrg@mediafire.com,sJ9.D~3Gy%N!9.,brigebyrg
990,abatharh@sciencedirect.com,rG6!J_QT=G,dleebrh
991,afleuryri@google.fr,"pF8*?yFeh)W,",henglefieldri
992,aracherrj@goo.ne.jp,rI8|?@WGq}>\9cI,oknowlsonrj
993,mglandfieldrk@ocn.ne.jp,"hT3@d0b.Mc$Y,U",jmattocksrk
994,lcrossanrl@gov.uk,iY9(c&dcC,wcorshamrl
995,steanbyrm@google.ru,rB9~0od>oC22,cmellorrm
996,gscammellrn@devhub.com,"bA6""OvgswfEem}`",khallamrn
997,ldixseero@google.cn,nI7*zp3)R,oeverallro
998,ealdinrp@marketwatch.com,nG2~)hC&W,qmacneachtainrp
999,sledbetterrq@dyndns.org,uF8*{/$*ra$l)),kbasterfieldrq
1000,cjirsarr@miitbeian.gov.cn,zL0)W\?6sGne?,dbirkmyrerr
